label,channel,band,baseline_power,mean_relative_percent,min_relative_percent,max_relative_percent,mean_relative_db,min_relative_db,max_relative_db,n_trials
left,C3,mu_beta_8_30Hz,9.40937005681527,14.891864399563218,-99.37118152909797,258.94786847816033,0.4127456288706554,-22.014747098232803,5.550313787279803,5983
left,C4,mu_beta_8_30Hz,23.617216001156624,-8.471658781440553,-99.59493497917441,938.4316780956254,-1.2775391838698487,-23.924752584661945,10.163779281198941,5983
right,C3,mu_beta_8_30Hz,16.413400519799975,-33.30595568078682,-99.4154043493272,134.93050153855614,-2.010084173137364,-22.331444200696495,3.709394058364674,6005
right,C4,mu_beta_8_30Hz,20.030453286829207,210.8339746726179,-99.53137566410135,8941.7989023184,-0.19743460743927607,-23.291751620214562,19.562548437086,6005
